nombre,pais,estado,ciudad,imagen,genero,id
Rudolph Schuppe,New Caledonia,New Mexico,Watsonville,https://cloudflare-ipfs.com/ipfs/Qmd3W5DuhgHirLHGVixi6V76LhCkZUz6pnFt5AJBiyvHye/avatar/330.jpg,Intersex woman,1
Robin Ernser,France,Georgia,St. Petersburg,https://cloudflare-ipfs.com/ipfs/Qmd3W5DuhgHirLHGVixi6V76LhCkZUz6pnFt5AJBiyvHye/avatar/1131.jpg,Cis female,2
Naomi Wiegand,Macedonia,Florida,Stamford,https://cloudflare-ipfs.com/ipfs/Qmd3W5DuhgHirLHGVixi6V76LhCkZUz6pnFt5AJBiyvHye/avatar/351.jpg,Transexual,3
Hattie Reinger,Tuvalu,New Hampshire,Fargo,https://cloudflare-ipfs.com/ipfs/Qmd3W5DuhgHirLHGVixi6V76LhCkZUz6pnFt5AJBiyvHye/avatar/558.jpg,Genderflux,4
Mrs. Rene Corkery,Pakistan,North Dakota,Wylie,https://cloudflare-ipfs.com/ipfs/Qmd3W5DuhgHirLHGVixi6V76LhCkZUz6pnFt5AJBiyvHye/avatar/599.jpg,Transexual man,5
Nina Jenkins,Belize,New York,Rancho Santa Margarita,https://cloudflare-ipfs.com/ipfs/Qmd3W5DuhgHirLHGVixi6V76LhCkZUz6pnFt5AJBiyvHye/avatar/785.jpg,Intersex,6
Wendy Hammes,Myanmar,Alaska,Lakeville,https://cloudflare-ipfs.com/ipfs/Qmd3W5DuhgHirLHGVixi6V76LhCkZUz6pnFt5AJBiyvHye/avatar/203.jpg,Cisgender female,7
Patti Runolfsdottir DVM,Mauritius,Massachusetts,Castro Valley,https://cloudflare-ipfs.com/ipfs/Qmd3W5DuhgHirLHGVixi6V76LhCkZUz6pnFt5AJBiyvHye/avatar/725.jpg,Intersex man,8
Opal Kutch,Thailand,Louisiana,Nampa,https://cloudflare-ipfs.com/ipfs/Qmd3W5DuhgHirLHGVixi6V76LhCkZUz6pnFt5AJBiyvHye/avatar/619.jpg,Female to male transsexual man,9
Marsha Cole,French Polynesia,Rhode Island,Edina,https://cloudflare-ipfs.com/ipfs/Qmd3W5DuhgHirLHGVixi6V76LhCkZUz6pnFt5AJBiyvHye/avatar/699.jpg,Demi-girl,10
Scott Hessel,Nicaragua,Rhode Island,Draper,https://cloudflare-ipfs.com/ipfs/Qmd3W5DuhgHirLHGVixi6V76LhCkZUz6pnFt5AJBiyvHye/avatar/841.jpg,Two* person,11
Amanda Hand,Switzerland,Rhode Island,West Haven,https://cloudflare-ipfs.com/ipfs/Qmd3W5DuhgHirLHGVixi6V76LhCkZUz6pnFt5AJBiyvHye/avatar/3.jpg,Female to male transgender man,12
Johnathan Osinski,Montenegro,Kentucky,Rio Rancho,https://cloudflare-ipfs.com/ipfs/Qmd3W5DuhgHirLHGVixi6V76LhCkZUz6pnFt5AJBiyvHye/avatar/454.jpg,Bigender,13
Isabel Zieme,Cayman Islands,Delaware,Rocklin,https://cloudflare-ipfs.com/ipfs/Qmd3W5DuhgHirLHGVixi6V76LhCkZUz6pnFt5AJBiyvHye/avatar/1086.jpg,Male to female transsexual woman,14
Mr. Tommy White PhD,Chile,Hawaii,Germantown,https://cloudflare-ipfs.com/ipfs/Qmd3W5DuhgHirLHGVixi6V76LhCkZUz6pnFt5AJBiyvHye/avatar/496.jpg,Intersex man,15
Miss Christy Schmidt,South Georgia and the South Sandwich Islands,Delaware,Murrieta,https://cloudflare-ipfs.com/ipfs/Qmd3W5DuhgHirLHGVixi6V76LhCkZUz6pnFt5AJBiyvHye/avatar/500.jpg,Female to male,16
Stephen Gottlieb,Poland,Tennessee,Antelope,https://cloudflare-ipfs.com/ipfs/Qmd3W5DuhgHirLHGVixi6V76LhCkZUz6pnFt5AJBiyvHye/avatar/178.jpg,MTF,17
Sheri Will,Austria,Wisconsin,Cutler Bay,https://cloudflare-ipfs.com/ipfs/Qmd3W5DuhgHirLHGVixi6V76LhCkZUz6pnFt5AJBiyvHye/avatar/1065.jpg,Trans woman,18
Justin Champlin,Maldives,Vermont,Rancho Santa Margarita,https://cloudflare-ipfs.com/ipfs/Qmd3W5DuhgHirLHGVixi6V76LhCkZUz6pnFt5AJBiyvHye/avatar/749.jpg,Demi-man,19
Lela Tromp II,Mayotte,Pennsylvania,Burleson,https://cloudflare-ipfs.com/ipfs/Qmd3W5DuhgHirLHGVixi6V76LhCkZUz6pnFt5AJBiyvHye/avatar/334.jpg,Androgynous,20
Luis Gutmann,Japan,Georgia,Athens-Clarke County,https://cloudflare-ipfs.com/ipfs/Qmd3W5DuhgHirLHGVixi6V76LhCkZUz6pnFt5AJBiyvHye/avatar/286.jpg,Gender nonconforming,21
Darrell Muller,Ireland,Hawaii,Dayton,https://cloudflare-ipfs.com/ipfs/Qmd3W5DuhgHirLHGVixi6V76LhCkZUz6pnFt5AJBiyvHye/avatar/224.jpg,Androgynous,22
Gary Mraz,Costa Rica,Maryland,Lubbock,https://cloudflare-ipfs.com/ipfs/Qmd3W5DuhgHirLHGVixi6V76LhCkZUz6pnFt5AJBiyvHye/avatar/815.jpg,Cis,23
Joshua Kerluke,Comoros,Oregon,Bowling Green,https://cloudflare-ipfs.com/ipfs/Qmd3W5DuhgHirLHGVixi6V76LhCkZUz6pnFt5AJBiyvHye/avatar/112.jpg,Female to male transsexual man,24
Darla Funk,Tunisia,Montana,Madison,https://cloudflare-ipfs.com/ipfs/Qmd3W5DuhgHirLHGVixi6V76LhCkZUz6pnFt5AJBiyvHye/avatar/792.jpg,Female to male,25
Mr. Salvador Dare,Guatemala,Rhode Island,Kendall,https://cloudflare-ipfs.com/ipfs/Qmd3W5DuhgHirLHGVixi6V76LhCkZUz6pnFt5AJBiyvHye/avatar/865.jpg,Transexual woman,26
Elvira Baumbach,Grenada,Vermont,Midland,https://cloudflare-ipfs.com/ipfs/Qmd3W5DuhgHirLHGVixi6V76LhCkZUz6pnFt5AJBiyvHye/avatar/830.jpg,Transexual male,27
Kristie Okuneva,Germany,Arizona,Gilbert,https://cloudflare-ipfs.com/ipfs/Qmd3W5DuhgHirLHGVixi6V76LhCkZUz6pnFt5AJBiyvHye/avatar/185.jpg,Pangender,28
Louise Zemlak,Ukraine,Colorado,Redwood City,https://cloudflare-ipfs.com/ipfs/Qmd3W5DuhgHirLHGVixi6V76LhCkZUz6pnFt5AJBiyvHye/avatar/186.jpg,Female to male transgender man,29
Kellie Schowalter,Netherlands,New York,Phoenix,https://cloudflare-ipfs.com/ipfs/Qmd3W5DuhgHirLHGVixi6V76LhCkZUz6pnFt5AJBiyvHye/avatar/1246.jpg,Cis male,30
Clark Kiehn,Timor-Leste,South Carolina,Pleasanton,https://cloudflare-ipfs.com/ipfs/Qmd3W5DuhgHirLHGVixi6V76LhCkZUz6pnFt5AJBiyvHye/avatar/981.jpg,Female to male trans man,31
Benny Wuckert,Lesotho,Tennessee,Rowland Heights,https://cloudflare-ipfs.com/ipfs/Qmd3W5DuhgHirLHGVixi6V76LhCkZUz6pnFt5AJBiyvHye/avatar/379.jpg,Male to female trans woman,32
Barry Upton,Guam,Indiana,Pontiac,https://cloudflare-ipfs.com/ipfs/Qmd3W5DuhgHirLHGVixi6V76LhCkZUz6pnFt5AJBiyvHye/avatar/748.jpg,Transexual male,33
Miranda Erdman,Uruguay,Connecticut,Baldwin Park,https://cloudflare-ipfs.com/ipfs/Qmd3W5DuhgHirLHGVixi6V76LhCkZUz6pnFt5AJBiyvHye/avatar/143.jpg,Demi-man,34
Laura Gorczany,Algeria,Alaska,Sandy,https://cloudflare-ipfs.com/ipfs/Qmd3W5DuhgHirLHGVixi6V76LhCkZUz6pnFt5AJBiyvHye/avatar/142.jpg,Transexual,35
Edmund Luettgen,French Polynesia,Washington,Longmont,https://cloudflare-ipfs.com/ipfs/Qmd3W5DuhgHirLHGVixi6V76LhCkZUz6pnFt5AJBiyvHye/avatar/247.jpg,Transexual,36
Todd Steuber,Mexico,Texas,Johns Creek,https://cloudflare-ipfs.com/ipfs/Qmd3W5DuhgHirLHGVixi6V76LhCkZUz6pnFt5AJBiyvHye/avatar/82.jpg,Gender variant,37
Jamie Franey,French Polynesia,Washington,Revere,https://cloudflare-ipfs.com/ipfs/Qmd3W5DuhgHirLHGVixi6V76LhCkZUz6pnFt5AJBiyvHye/avatar/841.jpg,Trigender,38
Kim Kulas II,Bermuda,Delaware,DeSoto,https://cloudflare-ipfs.com/ipfs/Qmd3W5DuhgHirLHGVixi6V76LhCkZUz6pnFt5AJBiyvHye/avatar/296.jpg,Pangender,39
Henrietta Ruecker,Iceland,Nebraska,Middletown,https://cloudflare-ipfs.com/ipfs/Qmd3W5DuhgHirLHGVixi6V76LhCkZUz6pnFt5AJBiyvHye/avatar/612.jpg,FTM,40
Lawrence Zieme DVM,Togo,Mississippi,Farmington Hills,https://cloudflare-ipfs.com/ipfs/Qmd3W5DuhgHirLHGVixi6V76LhCkZUz6pnFt5AJBiyvHye/avatar/726.jpg,Female to male transsexual man,41
Joyce Grant,Eritrea,Utah,Minnetonka,https://cloudflare-ipfs.com/ipfs/Qmd3W5DuhgHirLHGVixi6V76LhCkZUz6pnFt5AJBiyvHye/avatar/1165.jpg,Hermaphrodite,42
Ellen Marvin,Georgia,Idaho,Shoreline,https://cloudflare-ipfs.com/ipfs/Qmd3W5DuhgHirLHGVixi6V76LhCkZUz6pnFt5AJBiyvHye/avatar/388.jpg,Cisgender woman,43
Tasha Schmitt,Saint Pierre and Miquelon,Illinois,Pontiac,https://cloudflare-ipfs.com/ipfs/Qmd3W5DuhgHirLHGVixi6V76LhCkZUz6pnFt5AJBiyvHye/avatar/754.jpg,Non-binary,44
Ms. Alice Tremblay PhD,Mayotte,Alabama,Bowie,https://cloudflare-ipfs.com/ipfs/Qmd3W5DuhgHirLHGVixi6V76LhCkZUz6pnFt5AJBiyvHye/avatar/463.jpg,Female to male,45
Hilda Marvin,Dominica,Delaware,St. Clair Shores,https://cloudflare-ipfs.com/ipfs/Qmd3W5DuhgHirLHGVixi6V76LhCkZUz6pnFt5AJBiyvHye/avatar/82.jpg,Cisgender,46
Lance Terry Sr.,Nauru,Louisiana,Abilene,https://cloudflare-ipfs.com/ipfs/Qmd3W5DuhgHirLHGVixi6V76LhCkZUz6pnFt5AJBiyvHye/avatar/26.jpg,Hermaphrodite,47
Ruben Cruickshank,Madagascar,Texas,Columbus,https://cloudflare-ipfs.com/ipfs/Qmd3W5DuhgHirLHGVixi6V76LhCkZUz6pnFt5AJBiyvHye/avatar/681.jpg,Two-spirit person,48
Celia Kutch,Panama,Florida,Temple,https://cloudflare-ipfs.com/ipfs/Qmd3W5DuhgHirLHGVixi6V76LhCkZUz6pnFt5AJBiyvHye/avatar/138.jpg,Transgender person,49
Gwen Hudson,Estonia,Florida,West Hartford,https://cloudflare-ipfs.com/ipfs/Qmd3W5DuhgHirLHGVixi6V76LhCkZUz6pnFt5AJBiyvHye/avatar/608.jpg,Demi-woman,50
